times,gctimes,memory,allocs
6.2163534e9,6.269408e8,1791540787,45464260
3.2730546e9,3.811795e8,1791540787,45464260
4.0982624e9,4.420458e8,1791540787,45464260
3.618149e9,4.244872e8,1791540787,45464260
4.5703931e9,5.245305e8,1791540787,45464260
2.4535218e9,3.193049e8,1791540787,45464260
3.8460514e9,4.634933e8,1791540787,45464260
2.7953075e9,3.992261e8,1791540787,45464260
1.6829643e9,2.564143e8,1791540787,45464260
5.7435154e9,6.207959e8,1791540787,45464260
