times,gctimes,memory,allocs
4.5054707e9,4.609721e8,1688680160,43902598
4.4884263e9,5.096094e8,1688680160,43902598
5.1127691e9,5.08184e8,1688680160,43902598
5.5702289e9,5.551036e8,1688680160,43902598
4.685473e9,5.138967e8,1688680160,43902598
3.9022191e9,4.279265e8,1688680160,43902598
3.8231374e9,4.314888e8,1688680160,43902598
5.1091927e9,5.27126e8,1688680160,43902598
2.6517206e9,3.701838e8,1688680160,43902598
1.547612e9,2.510559e8,1688680160,43902598
